Strategy,Total Return (%),CAGR (%),MDD (%),Sharpe Ratio,Win Rate (%),Total Trades
0_BENCHMARK_Close>SMA30,8858.650358837076,77.37212820280881,-38.091226700929006,1.659084335708377,51.16133082234777,1593
24_Close>SMA40,7732.193628683394,74.35939220088595,-50.245529281634404,1.62189883770619,51.89710610932477,1555
23_Close>SMA35,7130.984664289581,72.59306395373997,-48.25920049775874,1.5811750918919516,51.45939086294417,1576
28_Close>WMA30,6413.392822480976,70.30864205950826,-50.38961410903391,1.545171052359759,49.451887941534714,1642
8_Close>SMA50,5294.055517851169,66.2633573663894,-53.920797892423685,1.5118322970835116,51.51710781149128,1549
13_Donchian_40_20,3631.2521232386175,58.63203183755967,-36.12759614742502,1.490760861506345,52.864157119476275,1222
