Strategy,Total Return (%),CAGR (%),MDD (%),Sharpe Ratio,Win Rate (%),Total Trades
0_BENCHMARK_Close>SMA30,3281.2675282149144,56.65260687681033,-54.447025692813924,1.3302496508956774,49.87531172069826,1604
8_Close>SMA50,5294.055517851169,66.2633573663894,-53.920797892423685,1.5118322970835116,51.51710781149128,1549
13_Donchian_40_20,3631.2521232386175,58.63203183755967,-36.12759614742502,1.490760861506345,52.864157119476275,1222
11_SMA50_Slope,3937.8266541011662,60.23699990158586,-33.74271662619278,1.4906114847684282,51.6030534351145,1310
7_Close>SMA20,5108.313070958798,65.52226023445664,-55.58628529439164,1.4796481194736288,48.69933454325469,1653
5_Donchian_30_15,3310.639869409514,56.825438098460836,-36.55060876666488,1.4700215621727766,52.68729641693811,1228
