Strategy,Total Return (%),CAGR (%),MDD (%),Sharpe Ratio,Win Rate (%),Total Trades
0_BENCHMARK_Daily_SMA30,8858.650358837076,77.37212820280881,-38.091226700929006,1.659084335708377,51.16133082234777,1593
1_Weekly_SMA20+Daily_SMA30,15001.192824806847,89.58126362854775,-31.90613869536828,2.0414928738566536,53.62318840579711,1173
2_Weekly_SMA50+Daily_SMA30,8509.392151040794,76.47519303499428,-32.9616885948238,1.8413843162233632,52.4451939291737,1186
3_Weekly_SMA10+Daily_SMA30,30869.98794934723,107.76021124329125,-27.201920974266642,2.21845396094581,54.24492862509391,1331
4_Weekly_EMA20+Daily_SMA30,21606.39942469029,98.55661468159693,-31.90613869536831,2.162106202946647,54.10107705053853,1207
5_Weekly_GoldenCross+Daily_SMA30,3232.3538607147816,56.361862748183,-43.85235175933046,1.5596431267082143,51.9607843137255,918
6_Weekly_MACD+Daily_SMA30,4489.384501736144,62.87406701916189,-37.55934061734559,1.563476395820583,51.97934595524957,1162
7_Weekly_SMA200+Daily_SMA30,308.96865223430063,19.669222989477,-28.534179201307726,0.9703944312094668,48.89466840052016,769
8_Weekly_DualSMA+Daily_SMA30,6736.322447485145,71.36252693377547,-31.906138695368302,1.809756847806155,52.81220209723546,1049
9_Weekly_Alignment+Daily_SMA30,1151.0205004234979,38.00246768280206,-32.66531460337905,1.279299416331401,51.76151761517615,738
10_Weekly_Donchian+Daily_SMA30,5591.892091016335,67.40647406270269,-10.85145560412805,2.450502679731339,56.35451505016722,598
11_Weekly_SMA20+Daily_SMA20,9597.643627437506,79.17356695160885,-23.58148816060613,1.9155825609960475,51.787271142109844,1147
12_Weekly_SMA20+Daily_SMA50,12869.408664693177,85.9386469335196,-38.45251221561958,1.9315884925127063,53.47551342812006,1266
13_Weekly_SMA50+Daily_SMA20,4844.257433536161,64.42797677192094,-32.469244620348874,1.647089519381352,49.580536912751676,1192
14_Weekly_SMA50+Daily_SMA50,8987.545103820414,77.69544884653041,-43.36218743788809,1.823804867546308,52.85599356395817,1243
15_Weekly_EMA20+Daily_EMA30,13991.19920446495,87.91555743213254,-40.310348356083765,1.9413517622996117,53.078721745908034,1283
