Strategy,Total Return (%),CAGR (%),MDD (%),Sharpe Ratio,Win Rate (%),Total Trades,Profit Factor,Group,Type
8. Momentum,3532.189907454402,58.08878756842344,-39.32895579097932,1.4856415178895437,49.62279966471081,1193,1.447879680946038,Original 10,Trend Following
10. RSI+MACD Combined,3255.7426103172074,56.50134736461749,-45.138965577938535,1.450743925518717,47.49801429706116,1259,1.4452067036271576,Original 10,Trend Following
1. Turtle Trading,3249.6729686691588,56.46523124946301,-31.883483314706808,0.8249002508417868,55.76923076923077,52,4.405836636466475,Original 10,Trend Following
5. MACD,3116.689289377101,55.65924922146572,-58.53182022238155,1.280716393293551,48.91165172855313,1562,1.3360795368321694,Original 10,Trend Following
9. SuperTrend,2973.8920431085776,54.76074992135938,-51.0833754950522,1.2816514302836015,52.19885277246655,1569,1.3176959983716432,New 10,Trend Following
8. Donchian Channel,2754.880761968654,53.30926957282198,-32.972785551100294,1.4029543108987288,53.14685314685315,1144,1.4238831760447137,New 10,Trend Following
9. Dual Momentum,2661.119305190304,52.6579749748888,-33.517687568247126,1.4088690702365798,47.64188649080736,1251,1.419382816446172,Original 10,Trend Following
7. Triple MA,2593.795680377961,52.17831501815076,-38.299990687487735,1.4311000771138145,51.96926032660903,1041,1.4741294528913274,New 10,Trend Following
