Rank,RSI Period,RSI Threshold,Train CAGR (%),Test CAGR (%),Train Sharpe,Test Sharpe,Train MDD (%),Test MDD (%),Train Calmar,Test Calmar,Train Win Rate (%),Test Win Rate (%),Sharpe Diff (%),CAGR Diff (%),Overfitting Risk,Robustness Score
1,5,65,124.70910584880555,22.32847909354676,2.261612129836829,0.9598463868765491,-24.904310944205484,-32.20017627657318,5.007530869984651,0.6934272316326279,46.88644688644688,39.8876404494382,-57.55919530968379,-82.09555032764224,⚠️ HIGH,0.38425443377971125
2,14,55,136.1284430231983,40.02314527926476,2.192902988628289,1.3553156558490922,-28.16817290151386,-32.39918930034671,4.8327040415135425,1.2353131712106284,54.337899543378995,46.62668665667166,-38.1953664673113,-70.59898402537064,⚠️ MODERATE,0.9733619911759792
3,7,65,114.11398363727004,34.100369527561725,2.177658691960391,1.4179580982617133,-24.804507795251617,-23.161125872971063,4.6005340875627105,1.4723105307828197,49.072164948453604,43.600867678958785,-34.88611858705798,-70.11727358852416,⚠️ MODERATE,1.0690969123911334
4,17,55,134.18599599239275,43.89824217832168,2.1734891563425043,1.477210176036472,-27.042090208229602,-25.883851158377485,4.962116277223146,1.695970275432283,56.94227769110765,47.523219814241486,-32.03507955281056,-67.28552644136549,⚠️ MODERATE,1.1568593805083665
5,7,55,136.7328904035616,24.151270819798178,2.1639343675774363,0.9134279262583863,-27.451872572835633,-36.89674524868166,4.9808219836654235,0.6545637198354539,49.72299168975069,43.20987654320987,-57.788556809096505,-82.33689732695866,⚠️ HIGH,0.3355423581674213
