Strategy,Total Return (%),CAGR (%),MDD (%),Sharpe Ratio,Calmar Ratio,Win Rate (%),Total Trades,Profit Factor
Aggressive (E10/X20),220459.2394848152,195.90390348384906,-39.12898222295266,0.9432575046672541,5.006618939578087,41.44736842105263,152,5.711000766389413
Conservative (E55/X5),11424.663487413705,95.2149208712062,-11.541833120597648,1.0979169217912519,8.249549259318686,58.87850467289719,107,8.418025698119349
Balanced (E25/X10),78798.05755335206,155.9989720952666,-23.733299817619486,0.6498830280396019,6.572999679524282,49.166666666666664,120,9.533618125283674
High Sharpe (E15/X10),110184.27011046559,168.36991472059074,-29.67900615719625,0.6489295646231784,5.6730307554374155,43.94904458598726,157,6.943385053490802
Low Risk (E30/X10),62128.64013330806,147.57873164077,-21.958027542796827,0.6360481183904074,6.720946649380725,50.92592592592593,108,10.448868226542093
Multi-Strategy Portfolio,230531.06178288648,197.77167363056597,-20.33220932489321,0.8972759825796329,9.727013452907421,47.16981132075472,318,8.353365762343634
