Strategy,Total Return (%),CAGR (%),MDD (%),Sharpe Ratio,Calmar Ratio,Win Rate (%),Total Trades,Profit Factor
Aggressive (E10/X20),16251.83552348334,110.25994865070791,-39.128982222952644,0.8406247044019071,2.817858844946665,39.86013986013986,143,4.070523940067856
Conservative (E55/X5),2375.407327969482,59.66339810035484,-11.54183312059763,1.4328852942332568,5.169317341270439,57.57575757575758,99,5.952037374783419
Balanced (E25/X10),5397.3075122334085,79.36118422772813,-23.733299817619468,1.1243604378534906,3.34387484410452,46.017699115044245,113,4.330453258589831
High Sharpe (E15/X10),7284.924350884722,87.24943545319357,-29.679006157196252,1.1520609474830514,2.9397694448079843,41.891891891891895,148,3.398535279844035
Low Risk (E30/X10),4311.409508249203,73.69734016988178,-21.958027542796845,1.0860356809978742,3.356282344861964,48.51485148514851,101,4.589358066624155
Multi-Strategy Portfolio,10232.326128253631,96.64683880748083,-20.332209324893192,1.4915923937253985,4.753385982956308,46.0,300,4.5025072476823755
