Strategy,Total Return (%),CAGR (%),MDD (%),Sharpe Ratio,Calmar Ratio,Win Rate (%),Total Trades,Profit Factor
Aggressive (E10/X20),25846.232962739447,118.86570586421593,-64.67505165927612,1.625532457798768,1.8378911622742775,52.38770685579196,2115,1.3871676467069016
Conservative (E55/X5),6974.110094838305,82.2406706184346,-23.625481191073252,1.974773312811766,3.4810156861274324,54.80225988700565,885,1.9402698515979742
Balanced (E25/X10),22206.25533025855,114.25305439312865,-37.78325629382794,1.8238283631639325,3.0239070318508356,53.2314107018763,1439,1.6221302834176747
High Sharpe (E15/X10),25935.60918153412,118.97178718209594,-37.43642887911952,1.773415579416978,3.177968378507744,52.591283863368666,1698,1.526251094325237
Low Risk (E30/X10),18672.431593245106,109.10849290370818,-37.032487937183525,1.7950190911245312,2.9462911886661196,53.560830860534125,1348,1.643338729442159
SMA 20,67302.38365111848,150.3807524307036,-37.692903587751495,1.962849061970742,3.9896303578897174,50.501319261213716,1895,1.5520221519519772
SMA 30,50531.57027378866,140.48710163958486,-43.66407323024485,1.868326852415403,3.217452959525395,51.84573002754821,1815,1.5271281191631572
Multi-Strategy Portfolio,27696.423354400038,121.00042774283209,-36.169667993139896,1.9061945196137595,3.3453563291148147,52.428964252978915,2182,1.5591918545675245
